err_tr,err_val,fun,init_trr_err,jac_norm,neurons,rho,sigma
1.1907938363664232,1.3992170300113358,0.5955222240980932,1.9672292100151707,6.6745357295001125e-06,1,1e-05,0.001
1.1945278826279149,1.381013021249676,0.5973878381126052,1.4765328566936584,3.6972224169496285e-06,1,1e-05,0.01
1.3157684321865806,1.3536907091331476,0.6579901062032144,1.680285564749349,4.439208493561388e-06,1,1e-05,0.1
1.354086710187099,1.4112201562070232,0.6771443494135718,2.792343849631308,6.679312909511541e-06,1,1e-05,0.2
1.3753744042909843,1.3192167738566656,0.6877899685724623,1.564069114377479,3.3136693084825214e-06,1,1e-05,0.2
1.2140501758415876,1.2857890538224694,0.6071535883747852,1.6581258961002543,3.9705880889425526e-06,1,1e-05,0.5
1.2796867154438305,1.3053683237691307,0.6399751312837395,1.90469497386088,5.972275437402119e-06,1,1e-05,1.0
1.197919348960824,1.3401244280585636,0.5990817079386429,1.402392354001137,1.5492914761601931e-06,1,1e-05,1.0
1.2748581400354966,1.3336827873585395,0.6375644999071283,1.528862695223654,4.122983509306997e-06,1,1e-05,1.0
1.204070990981803,1.3266147215522492,0.6021591270648946,1.5766903500703884,3.063485286378593e-06,1,0.0001,0.001
1.3413856196035676,1.2705341011432627,0.6708047392498683,1.6226473852297818,2.9205017585350064e-06,1,0.0001,0.01
1.2368011192410375,1.189507122013545,0.618527160695343,1.4385703600976965,4.890228639473454e-06,1,0.0001,0.1
1.301493357634002,1.4120854425140124,0.6508526798491394,2.025084835229406,2.2272235098795362e-06,1,0.0001,0.5
1.336515425964312,1.2732067670245677,0.6683733063225813,1.7448974708444571,3.939232126340057e-06,1,0.0001,1.0
1.3203198890991297,1.36043679707643,0.6602789944950921,1.6105663060059712,9.336714152582114e-06,1,0.001,0.001
1.1997671389473434,1.3629845055937573,0.6000034668230979,1.489195165609677,3.123793678240986e-06,1,0.001,0.01
1.213938375111248,1.2831415276847309,0.607084809163792,1.5261232584601996,3.859578224897077e-06,1,0.001,0.1
1.3705232342830012,1.3591739662811686,0.6928354186603375,1.5969212532224282,6.9503120368848235e-06,1,0.001,0.2
1.272784092114826,1.3433422323090394,0.6459908515667768,1.5459771877368265,3.4888193797953767e-06,1,0.001,0.2
1.2230290854549806,1.2470804521009966,0.6116338459023221,1.3927887275947728,5.139298847168452e-06,1,0.001,0.5
1.3729680190227525,1.3455243572342477,0.6942384438455087,1.7105101514757972,3.0313275552479043e-06,1,0.001,1.0
1.3612025562539696,1.1766238536611322,0.6807156739122181,1.5910532559350499,7.367749737407651e-06,1,0.001,1.0
1.2779968502187455,1.3322642606917274,0.6487428037260339,2.363975516270524,5.276910189633224e-06,1,0.001,1.0
1.0547239209961794,1.2274579226862,0.5281565610800933,1.2769940597896123,8.264252170215616e-06,2,1e-05,0.001
1.0336947780802288,1.2285993272117801,0.5180239643008042,1.101687548660683,7.329527987034625e-06,2,1e-05,0.01
1.0334802897860065,1.2377783365411477,0.5180401615677057,1.20956896048644,0.0003606009890780509,2,1e-05,0.1
0.464324630167992,0.5198481580426889,0.23821709316605685,1.1609927215333955,0.00047572484561538437,2,1e-05,0.2
0.4708846823886493,0.4907983734147146,0.241537857484294,1.6341314481851754,0.00029415535657037267,2,1e-05,0.2
0.4207004705726817,0.4980075325706713,0.21582152416893305,1.1939063051394263,0.0002786355535850024,2,1e-05,0.5
0.499706813457763,0.5865210815696255,0.2560011562632473,1.466613858331132,0.0006842934326614276,2,1e-05,1.0
1.089001855913465,1.0085224278342757,0.5458764090724955,1.6119534131394204,1.1122162523222903e-05,2,1e-05,1.0
0.4666231458378634,0.5067693458755109,0.2388578517471277,1.3986059129630388,0.00023676363356286425,2,1e-05,1.0
1.0126243156768644,1.2886696752817162,0.5076395551244682,1.2956057436036796,1.4247455037124704e-05,2,0.0001,0.001
1.0356773879850572,1.2159676862624698,0.5187988014245947,1.2943181057455413,9.102195420274662e-06,2,0.0001,0.01
0.4224835031244592,0.5080262290131943,0.21724682419061567,2.7491110056958843,0.00023151029102653432,2,0.0001,0.1
1.0371189515753851,1.242325351517526,0.5208669621297812,1.4227323697186651,1.1922677452300487e-05,2,0.0001,0.5
1.0784732441235398,1.0741786177511947,0.540134948765252,1.3593799823599653,1.4558744358410308e-05,2,0.0001,1.0
1.0503500150720786,1.183135286562295,0.5257279727896014,1.7025945617078448,8.852570812914847e-05,2,0.001,0.001
0.422077174681245,0.4693914929118055,0.21759705617811226,0.8993660744575159,0.0006005025639411537,2,0.001,0.01
1.0648405612900498,1.0878227986954694,0.5334383897472461,1.8304150406425927,5.770124307958316e-06,2,0.001,0.1
0.5977715882201119,0.655131189483759,0.3675643336179021,1.6506329473040364,0.00014331789964368982,2,0.001,0.2
1.068892436052153,1.3186255370058124,0.5466373312762915,1.7765837642255893,1.409034270780037e-05,2,0.001,0.2
0.4210367579572799,0.5063992006085221,0.2160891148763852,0.8133415007486103,0.0003897505161505679,2,0.001,0.5
0.5959099295660627,0.6554158692553248,0.3659836643615105,1.6751231780216247,3.961637686723228e-05,2,0.001,1.0
1.082592375398538,1.0399641749916109,0.5424737333490848,1.3398359065380798,1.133138256252759e-05,2,0.001,1.0
0.5862204439706657,0.7286427797599953,0.3643829154076631,1.4071302783123019,3.292465614830035e-05,2,0.001,1.0
0.2418357028434347,0.2625916825628597,0.12266534385317596,1.1277193911928287,0.0003162500543237832,3,1e-05,0.001
0.2555782976300556,0.2792491194808027,0.1290912021332435,1.4615456787433252,0.00016704438702157119,3,1e-05,0.01
0.24458383042781104,0.2478312196161716,0.1241162573348628,2.4054286385796395,0.00029107605355620334,3,1e-05,0.1
0.2568712109152368,0.3193300515335305,0.13042575380673982,1.9278908708187985,0.0004006677441636453,3,1e-05,0.2
0.25678069571888995,0.32019889875916097,0.13031139293401367,0.9077322899922284,0.00030033292554049954,3,1e-05,0.2
0.28656152798803275,0.30696959494958176,0.1486920881109679,1.2246765172198453,0.000789717910013332,3,1e-05,0.5
0.25343787498939496,0.3487279817548623,0.12852847435382575,1.4086854767162051,0.0004556499672641652,3,1e-05,1.0
0.2355351378936587,0.2977005029751708,0.11962397862896328,1.028867771857227,0.0003949803472574098,3,1e-05,1.0
0.287816662248847,0.4023485140059167,0.1488633330279511,2.6571559237378795,0.00042805791158586335,3,1e-05,1.0
0.25174575313249364,0.3114329980654937,0.1266879128539139,0.9595343063562812,0.00011736302797093096,3,0.0001,0.001
0.2317028494347197,0.3240729231820313,0.11778794932294845,0.7338895830188876,0.00026355208982387453,3,0.0001,0.01
0.2381396229876712,0.28987090225023,0.12076965758094775,1.813210241972124,0.0005253215502785193,3,0.0001,0.1
0.2354744117319761,0.316273418143924,0.11945317856349233,0.6994441539247699,0.00031280903309866735,3,0.0001,0.5
0.2402837670434376,0.28667225665684154,0.12182138068900634,0.6456299717966274,0.0005444643163910378,3,0.0001,1.0
0.2876824569898446,0.35038195941617745,0.14785678197545474,1.0246865543381611,0.0004479297392519696,3,0.001,0.001
0.2451440510741321,0.2505512785891625,0.12633012691385542,0.5503832298181355,0.0007191752381668707,3,0.001,0.01
0.2962439400429423,0.32127437798416725,0.15767135854081418,1.4960406291407764,0.0013760879642696435,3,0.001,0.1
0.2914032900380705,0.38737908050654746,0.18703862499291368,1.16380110701648,0.00015037765406317668,3,0.001,0.2
0.2756009893331018,0.3858774851672799,0.17244796446911592,0.9582733025109011,3.196445811822565e-05,3,0.001,0.2
0.2380527420905837,0.3031441045927211,0.12070954418535025,0.9817425545480838,0.00024076613029021002,3,0.001,0.5
0.2972750019840857,0.280445976000233,0.1846281152162625,0.8042125999243357,3.5908396431598936e-05,3,0.001,1.0
0.2510074329391213,0.3075022323797564,0.12659487115760365,1.2041622261079843,0.00020061780226111867,3,0.001,1.0
0.2921177985792889,0.2963701223053755,0.1820349363315343,1.8841101825003999,3.987742475165926e-05,3,0.001,1.0
0.15575663952296487,0.17282196903426214,0.07952126452428562,1.3900891204555037,0.00020881404433740444,4,1e-05,0.001
0.19386786036105985,0.2326652394413113,0.09764278945697416,1.2741009513234318,8.808607207812187e-05,4,1e-05,0.01
0.13633588065543456,0.1790748479155584,0.07087047837299161,0.6422186642657264,0.0005666243110002381,4,1e-05,0.1
0.15137838659783467,0.19450356784037487,0.07737349040570203,0.8183845417989936,0.0002705930656049916,4,1e-05,0.5
0.18714362353394634,0.24096713440763176,0.09594785322664587,0.5632012561864751,0.00012730850409867317,4,1e-05,1.0
0.1920638830362812,0.24007626025548595,0.09669432098525813,0.7131092690875714,8.126015268300032e-05,4,0.0001,0.001
0.11331391639477348,0.16265132253561346,0.059695877363013676,1.259328087651765,0.0017572122125734395,4,0.0001,0.01
0.1409064761432099,0.14839970089572135,0.0736966174267667,2.2620593721343494,0.004857525323082062,4,0.0001,0.1
0.1922741772563621,0.2345388917509735,0.09684690902962448,0.4989129036051237,0.00011441526745806162,4,0.0001,0.5
0.15432559921939384,0.21839040006205165,0.07863136009393527,0.6870661840325992,0.00015178832592914866,4,0.0001,1.0
0.1388202120246962,0.16551682029994533,0.071997426927952,0.6559297110638346,0.002279374232729639,4,0.001,0.001
0.1381936538871102,0.1643039600974537,0.07196773240635276,2.0219094366701995,0.0017070811121594313,4,0.001,0.01
0.16018111646508718,0.1632650605899184,0.08154600892550193,1.9144890722779024,0.0002563197542952356,4,0.001,0.1
0.1488850928661113,0.2013638775393924,0.07609874826418657,0.9855519343010528,0.0005302190339025981,4,0.001,0.5
0.13840008177643995,0.16669775251655874,0.07191805991132344,1.224068537066477,0.00197786723081972,4,0.001,1.0
0.0924175937884332,0.1238543459927545,0.048798725208047525,0.4537149412159433,0.000305222775829562,5,1e-05,0.001
0.09170985899683194,0.1157992225106678,0.0510196222450928,0.8087462400742729,0.009908350305796624,5,1e-05,0.01
0.08241224597518251,0.14674286417673738,0.04441001622530439,1.0265526329397372,0.012472830552201159,5,1e-05,0.1
0.08710097717002521,0.1126565248416794,0.04791510740756185,0.872223553589008,0.004506254872160369,5,1e-05,0.5
0.0866750066779853,0.1467312097057441,0.04597491871735565,0.2970242134939249,0.0003390147425149895,5,1e-05,1.0
0.15164241908252238,0.3069713111484553,0.07751580753211182,1.203200811244584,0.0009117620753961543,5,0.0001,0.001
0.09728347053085001,0.11411222989366045,0.05382316475109301,1.0860085517393272,0.02939125436528556,5,0.0001,0.01
0.08037124552246165,0.11120576694649084,0.04426293102699098,1.3186987497923162,0.0035624423417773506,5,0.0001,0.1
0.08611932560053516,0.15107844637278728,0.04609654101580534,1.3478875318344414,0.002983323155244406,5,0.0001,0.5
0.1322761592554361,0.1735587202142213,0.06824306867711487,2.0503257094262395,0.002710089351649188,5,0.0001,1.0
0.11864322855116392,0.1545407919792517,0.06301021262046297,0.7074209243072097,0.006630272774039256,5,0.001,0.001
0.07797672037104443,0.14073574286521848,0.04261778378003397,1.1011426806813411,0.0073759891227263485,5,0.001,0.01
0.12551899071443295,0.2273324296393699,0.06497329574614083,0.5214617004298905,0.005910576270901101,5,0.001,0.1
0.1256828590278301,0.18804308855957685,0.06509039287300869,0.8028187313742375,0.0008709671786084185,5,0.001,0.5
0.08980356633829062,0.14433391227965128,0.04742548652363944,2.786885256696676,0.0002970115469065265,5,0.001,1.0
0.08586884083058273,0.11205634010869717,0.046990255941051766,0.7849792308585902,0.003938787069848976,6,1e-05,0.001
0.03640333474663426,0.05051027065991438,0.021804640094291384,1.288667897658904,0.004064886380123896,6,1e-05,0.01
0.043260137605487296,0.08143220701295326,0.024595420387321952,1.204910187203179,0.003199869212136477,6,1e-05,0.1
0.06930530383387985,0.10192805143084484,0.04004527539851932,0.7839082535655362,0.017475801296991743,6,1e-05,0.5
0.05296078586879036,0.06936301781122414,0.030260262756765525,1.0474836919801978,0.003202003110736457,6,1e-05,1.0
0.0693345311274594,0.10797840865709378,0.038304143190090435,0.5224845884076866,0.0035830995877308572,6,0.0001,0.001
0.06687956195751639,0.09107671034235794,0.03913273509727468,0.8466654244348668,0.009951661352620484,6,0.0001,0.01
0.16807154610337335,0.21028685867734265,0.08766124548858294,1.0660667955280545,0.0059687832071797006,6,0.0001,0.1
0.08683600887960191,0.09434438710887834,0.04727467756870864,6.317877587587318,0.018008685508580802,6,0.0001,0.5
0.0658918848480589,0.0753144074129267,0.03650869051873802,0.6443371030617675,0.003025171463909371,6,0.0001,1.0
0.0868526551098255,0.12345004082719327,0.04673652770203841,1.0860963491163185,0.0006905101497138181,6,0.001,0.001
0.08573580998597613,0.08956597444264325,0.04734203576665861,2.6923253293024665,0.00420485669182591,6,0.001,0.01
0.06236688500935941,0.08612227445207185,0.033360658216848416,0.6526792514474538,0.003458723228385192,6,0.001,0.1
0.06900374006382301,0.11804175363589473,0.0377264138800575,0.7443413356643441,0.0040698252441238175,6,0.001,0.5
0.07359718325789248,0.09956099367604178,0.039938799544342464,0.9462888147014072,0.006475849221847825,6,0.001,1.0
0.042907872224024105,0.06421869379498032,0.02584015203217588,1.1610753893595485,0.023941453126750858,7,1e-05,0.001
0.0436464413094923,0.04742794453112362,0.0256121101753529,0.5304550855350696,0.009440056174402887,7,1e-05,0.01
0.0948129687189116,0.12269650343394638,0.05048522181477958,0.6855906990444638,0.01721502518368539,7,1e-05,0.1
0.07624378273301805,0.08478705768503897,0.041257412292315,1.2608804202543562,0.006998463388423389,7,1e-05,0.5
0.056461951354181326,0.07917976678619087,0.031892383331620096,0.6075383655965034,0.008379925870026006,7,1e-05,1.0
0.03029621479268085,0.059217299919587636,0.019545279626081127,1.4322561985139222,0.006802720031707692,7,0.0001,0.001
0.06322716140528102,0.09608469221665407,0.034481567335103505,1.0779243119716166,0.003089701978726688,7,0.0001,0.01
0.054472167322586994,0.08648724162959882,0.02995625945619196,1.408249951449538,0.0019105542116800488,7,0.0001,0.1
0.08594498859252189,0.1315568065565434,0.046502849930626096,1.1739596698577404,0.00331075994559366,7,0.0001,0.5
0.07073082699605761,0.10635078192111333,0.03884410431555372,0.824173782662497,0.010670721700027143,7,0.0001,1.0
0.03533187757042955,0.04785524710264229,0.0222825024121829,2.6510444560659416,0.013135732787633529,7,0.001,0.001
0.023883907676099318,0.044622644453635,0.016434249470561345,2.4791932831750687,0.008453089814198164,7,0.001,0.01
0.055562471107719634,0.08002607038820553,0.03192922314869921,0.5839031660362985,0.011699729397337265,7,0.001,0.1
0.034486781348703865,0.08487859577980393,0.02146895477365495,0.5229092084079004,0.00405447679336548,7,0.001,0.5
0.0390118933536502,0.04930666431436664,0.023832141269353152,0.6463397136201788,0.005387011025013036,7,0.001,1.0
0.04590961649386949,0.10994621223193264,0.024718957624748492,2.9051950652855605,0.0009835012047528602,8,1e-05,0.001
0.03686336834276277,0.07190036111896624,0.02207755283275775,0.7438921958125347,0.013584064022732793,8,1e-05,0.01
0.05025100896824164,0.06394687557084057,0.028143666410169844,1.6218742872939167,0.005570986772810561,8,1e-05,0.1
0.1034435906870202,0.12925413219070253,0.05506883388358656,0.7766500365611294,0.005601754209822681,8,1e-05,0.5
0.04751052875320778,0.05912110056517642,0.0271092167853558,0.33048117897580165,0.012362770879527377,8,1e-05,1.0
0.03432262768582416,0.05872248533713596,0.021066607353697614,0.6767099751436759,0.007652457405538812,8,0.0001,0.001
0.03330773045805496,0.043796584979741635,0.021019771205320368,1.436368621685589,0.008480830204898746,8,0.0001,0.01
0.017292564300083704,0.024145818613340253,0.012791747745705821,1.602648818342353,0.005990725999139725,8,0.0001,0.1
0.027713148612315976,0.04380879504096626,0.01774298400802615,1.034181061131011,0.003280334045223157,8,0.0001,0.5
0.029537329586614182,0.0925745412003556,0.01812789317488964,1.1743652292590483,0.0080879657633356,8,0.0001,1.0
0.03563556988248112,0.05023321836254172,0.020934267041666867,0.8780078743918865,0.002206452917260347,8,0.001,0.001
0.04054168306140698,0.052449932739107474,0.023144446518367928,0.5403230141518025,0.005975926739572971,8,0.001,0.01
0.023245862805854032,0.04368803503586195,0.014476748690757412,1.8648268561794488,0.0026157706495475675,8,0.001,0.1
0.03503355795807458,0.038820217375879464,0.020661803021881,2.556285144733065,0.008457007528563801,8,0.001,0.5
0.02892095860181668,0.06002708322793589,0.01880061788902209,2.3919529402204907,0.023708083757552297,8,0.001,1.0
0.044069476889863735,0.05196052660885982,0.02529691202283916,0.7911264439839029,0.009879396910974713,9,1e-05,0.001
0.029665061467892162,0.08921132541677966,0.017717893415447338,1.421322421282938,0.006417408830364456,9,1e-05,0.01
0.022227858383771663,0.03627148991402086,0.015349275210349097,0.5599099466899446,0.009435088872943408,9,1e-05,0.1
0.009606960415368095,0.01374796252789933,0.009752073909210823,1.474390066761616,0.014955789484769012,9,1e-05,0.5
0.05347553710558761,0.07392564477977989,0.029955145779915336,0.947621962013326,0.01082730437806789,9,1e-05,1.0
0.05379851862194194,0.06272022392552748,0.029741850230409976,1.2153171857344094,0.007634328107777357,9,0.0001,0.001
0.028303513228034507,0.0481206206404984,0.01668938236692279,1.264368548775867,0.002916457781781616,9,0.0001,0.01
0.02767250057060084,0.049795688138139435,0.016940901220350215,0.8377904761675952,0.004544982360625687,9,0.0001,0.1
0.028218832037673187,0.0403875655868561,0.017311363633875348,0.7457691729064406,0.0015194290765911365,9,0.0001,0.5
0.034628005969355384,0.062327538956056784,0.02066783034013796,2.72045567134835,0.013365038204543328,9,0.0001,1.0
0.017086850104135444,0.022426398161771846,0.012756695061028162,0.9994099536153388,0.006329390965944083,9,0.001,0.001
0.022382109511022874,0.04668216009601976,0.015315156695781991,1.2466864910961717,0.014584604253495694,9,0.001,0.01
0.03191913628665078,0.052398742429858,0.02026696979213133,2.2414829728482824,0.007495553751894405,9,0.001,0.1
0.006227797500440018,0.01149628114529385,0.007045717124806569,1.3948508350215674,0.0036942294069742454,9,0.001,0.5
0.03481545476422657,0.05440566867951506,0.020517686564877232,1.0067748959855949,0.002771667299434786,9,0.001,1.0
0.00976716049610595,0.01800096416416649,0.008630739684440985,2.043469611624585,0.0063200417599363155,10,1e-05,0.001
0.03976504908729482,0.07313121687468903,0.02306136159116742,0.4690999630874247,0.012930303284454865,10,1e-05,0.01
0.0355009529526624,0.03955516041332029,0.020812712372030424,4.974505958270054,0.00821525316096387,10,1e-05,0.1
0.030927546382329817,0.043767064192880435,0.01777685880873597,0.6381569584852285,0.002424311633628167,10,1e-05,0.5
0.008596100984136141,0.012270316633264096,0.008903225973630696,1.321768146516511,0.003701692666987873,10,1e-05,1.0
0.00820436406038277,0.012505754565480405,0.007762819216158272,1.0268328943645764,0.011984776694177562,10,0.0001,0.001
0.018895822683636626,0.030980916936592787,0.013712105044261921,0.9946454602829848,0.012822199348928255,10,0.0001,0.01
0.04169120516441823,0.0693289837628093,0.024142385719064092,2.7259095731154344,0.009226981117811577,10,0.0001,0.1
0.01263594832776736,0.014691039030461397,0.00964364519946696,2.2103249244457768,0.01325847767077663,10,0.0001,0.5
0.02304140917320923,0.04539038662020435,0.014576609397543116,1.2409459408813637,0.007536079430872093,10,0.0001,1.0
0.022541240626384428,0.04306697558218986,0.014095630275744269,4.017314859714224,0.0034167386449159274,10,0.001,0.001
0.03193533939623182,0.047419799227597134,0.019611530873748558,1.886707340990562,0.01334759822876727,10,0.001,0.01
0.02806698103000191,0.036009942234748266,0.016562665576915218,3.0685907221204736,0.003359343674198936,10,0.001,0.1
0.00639320732529462,0.02152604767193885,0.007020527498221442,0.7873253527686809,0.011781695811949534,10,0.001,0.5
0.0223492365555004,0.04551724280069318,0.01382715486264711,1.9119664760144441,0.002612033110846875,10,0.001,1.0
0.02728256338534245,0.03655538783112088,0.016491546508382398,2.594437621121564,0.02355963609260271,11,1e-05,0.001
0.011338254342986385,0.014659694507895109,0.009650975366467258,2.9611450042340874,0.006453960746512841,11,1e-05,0.01
0.02266079039325209,0.04647598992715461,0.014314902670982312,1.8788489155041552,0.008820305728569258,11,1e-05,0.1
0.03015087182890049,0.03303607939658758,0.0173272925821367,2.536815072976031,0.0067589063300554,11,1e-05,0.5
0.04554486031415461,0.05853134448489316,0.02611312741906675,1.258316158307889,0.01078673141162362,11,1e-05,1.0
0.0078601576564642,0.014769650267908085,0.007338540776061418,0.3875037396397741,0.006831987404118306,11,0.0001,0.001
0.036611735982920016,0.061230654239534964,0.020855965072735343,1.0292331840305629,0.005268888545118635,11,0.0001,0.01
0.01927322039621714,0.03722503313534458,0.013035255136998922,2.0572769946276,0.01261476419762872,11,0.0001,0.1
0.02442062240460461,0.04960195435061101,0.014886763974256778,7.088800496020932,0.005156678080922721,11,0.0001,0.5
0.012786800211574271,0.031230609147537825,0.010044559227860059,0.8868758572072718,0.005378708320501776,11,0.0001,1.0
0.011214592585772194,0.022039763574175527,0.008732789706882512,5.323042450868807,0.00720927469220536,11,0.001,0.001
0.02086124636531581,0.03832759628950665,0.01317053963388876,0.741902872101239,0.010908814781374634,11,0.001,0.01
0.010390308374213092,0.019176013155759442,0.00848724427993678,5.512684007360145,0.011362268382914546,11,0.001,0.1
0.0013980471025487116,0.003362550956448291,0.0048526550421581285,0.5593013205137309,0.0046231887835898365,11,0.001,0.5
0.02135694849445554,0.04358404878883669,0.013142807206384471,2.1454858505730288,0.001791059177519786,11,0.001,1.0
0.02003064240630309,0.03375508949045015,0.013068356912325964,2.7151573643381584,0.014338881022105876,12,1e-05,0.001
0.021860157659618674,0.03757516655484905,0.0137016472914181,0.5230012638756525,0.0018782632198739984,12,1e-05,0.01
0.006961327859709468,0.018929088319525743,0.006697359819745889,4.261393410610603,0.008983657170691195,12,1e-05,0.1
0.025754675087593874,0.044588395905104286,0.01564304529528757,0.5671470723293449,0.013352308574696565,12,1e-05,0.5
0.010182992642605129,0.02008842908945508,0.008199719421098754,3.7650189172813535,0.008655830607135005,12,1e-05,1.0
0.012174052114768841,0.030135451632307988,0.009272724867740412,3.1377020417499364,0.008212007316022995,12,0.0001,0.001
0.012374314858285069,0.038671941188043166,0.009117031018166534,2.909408454183797,0.0043216566276864,12,0.0001,0.01
0.03012929529761353,0.05107291905869656,0.017351210349758145,0.6690285225880287,0.004536172391227525,12,0.0001,0.1
0.03019586101556222,0.03039501417877478,0.017624895414396945,2.4908406490189723,0.005266819039531282,12,0.0001,0.5
0.0063063972898501144,0.04651993301660335,0.006361348726148118,4.418697991896688,0.004675027432274396,12,0.0001,1.0
0.024532121440481728,0.04938736520190716,0.014888236704339424,0.9888449013990892,0.011624451300021871,12,0.001,0.001
0.008650079936427437,0.011037590864674287,0.007733150634545419,3.4768364333475565,0.016196545202558917,12,0.001,0.01
0.0050891779221289,0.012152568056634552,0.005977325592860133,2.514671095911774,0.009789423884660696,12,0.001,0.1
0.02068830043399492,0.030548605159198005,0.01320748395987233,0.7533605192711961,0.010398238808427288,12,0.001,0.5
0.028480160087390818,0.04719989559584061,0.01663146896963441,1.5584208599102998,0.0032718988531032487,12,0.001,1.0
0.008751345850121267,0.01955692461850744,0.007616403938499274,3.4429466742571035,0.010358458752505914,13,1e-05,0.001
0.012746191379371745,0.01927997275621928,0.010283645086353805,3.3169149601505303,0.014026066502416343,13,1e-05,0.01
0.0022995513135327713,0.0031775761533100176,0.004505829240384531,1.2408202593435518,0.004804412317372032,13,1e-05,0.1
0.00530957770790084,0.03965114066383582,0.005797866218310093,5.755425638483031,0.00394848869813995,13,1e-05,0.5
0.005890488531570744,0.017949062295796382,0.006106555769110609,2.2665621147754043,0.0070789621933806815,13,1e-05,1.0
0.017394168638962898,0.05688814538675935,0.011505283577680459,1.3479483342053735,0.010529219162324004,13,0.0001,0.001
0.02691712638065573,0.05090913813901676,0.0160417313116517,2.6856013140774446,0.007015880620620173,13,0.0001,0.01
0.005229459480778282,0.017368315452802922,0.005718067287987722,0.5321764662616937,0.003987805849004111,13,0.0001,0.1
0.004682048176796498,0.014491749395145175,0.005585116831683393,1.1126929387603006,0.005394981668751758,13,0.0001,0.5
0.005405099677280135,0.010964337080924164,0.006033613220208857,2.3635281086351134,0.005951230146691697,13,0.0001,1.0
0.001660831520575682,0.002488744204247038,0.00440049998570434,0.7803638873412682,0.003966033554110143,13,0.001,0.001
0.012702931243661205,0.021061414114373525,0.009428542103458566,0.4617687848835325,0.008456274476999944,13,0.001,0.01
0.0054420475511589355,0.010491966545948528,0.006130601474683322,0.8448193155045953,0.005670634750600464,13,0.001,0.1
0.01944805332252224,0.05309395435880975,0.012691846655556279,2.1757174010779305,0.011541029112901977,13,0.001,0.5
0.011493019139532223,0.032297734711473416,0.008812332687065386,1.2326862085989674,0.006684726805306589,13,0.001,1.0
0.007596561673416327,0.011416063770276976,0.007582728731029651,2.5798522879500387,0.014777421998282657,14,1e-05,0.001
0.006885123759980234,0.022896004840019663,0.00674481073240209,2.30067956197281,0.011054740091113952,14,1e-05,0.01
0.019058968294837844,0.06503072120175543,0.012041344937718627,0.5700997390593263,0.005978811880526188,14,1e-05,0.1
0.017187401503492173,0.038284116612697226,0.011437681267696944,0.9859894047043796,0.005682869469182641,14,1e-05,0.5
0.0028042230542688683,0.004677831716137322,0.004764365821169944,2.794360632612772,0.0063544843688114454,14,1e-05,1.0
0.005901894380223571,0.024449577355380683,0.0065177519358281715,1.976606954517016,0.005312908305365948,14,0.0001,0.001
0.019011507188209084,0.04747958840902037,0.012189623700710151,0.6098885076162439,0.002954543169330832,14,0.0001,0.01
0.00475102252575227,0.007026154165619229,0.005690512469403183,4.132738911010168,0.01996163809427997,14,0.0001,0.1
0.0071584243091228844,0.015397389384895004,0.007108540179392789,2.691510620954822,0.007744516251668569,14,0.0001,0.5
0.014569546713313031,0.026456270442145158,0.010709812902295559,1.4706878936175634,0.008158549269684474,14,0.0001,1.0
0.01157435333870918,0.03759870201923912,0.009114918023866186,0.6863798855828056,0.008727573967922642,14,0.001,0.001
0.011780470144373884,0.016542790971484884,0.009358212131419873,2.156828502426304,0.01416275121080749,14,0.001,0.01
0.002410085617596697,0.0038705668622098623,0.004573512568452356,5.958207077490567,0.011283995098142159,14,0.001,0.1
0.0146501413499909,0.011260775892978634,0.01062780005468234,0.7295389407761516,0.007100191860503088,14,0.001,0.5
0.026589823598950846,0.03471377330899016,0.015934595341114847,3.2660467673990423,0.0038832653427957374,14,0.001,1.0
0.009275971865353292,0.02433619652729569,0.007505294287241569,0.9465437549178114,0.009614619321178634,15,1e-05,0.001
0.0013810969851258696,0.0020116427409716,0.0039620431020565144,1.671770589116249,0.003828957348381915,15,1e-05,0.01
0.0055915264844270006,0.016228297363472883,0.0058008818090022965,4.12509980803807,0.0039340923463915605,15,1e-05,0.1
0.01735407062993541,0.0250004571668774,0.01165634466746537,1.9838773691595863,0.006841526572225584,15,1e-05,0.5
0.006678769482307817,0.014029300622274999,0.006415342387058704,1.99108433458676,0.008934294720300294,15,1e-05,1.0
0.019325857680875767,0.032229035745104516,0.012687007762221005,0.9147895960275962,0.013255067188889007,15,0.0001,0.001
0.004236199504831312,0.007744066027340986,0.00555225137316185,1.8732369744268456,0.007431314811626025,15,0.0001,0.01
0.005493084641762328,0.011427093728892132,0.0059967952818365715,3.5564526039525037,0.006536727373021226,15,0.0001,0.1
0.002339104600876021,0.005687896455492857,0.004545496740732789,2.407096674934769,0.0066127584768640715,15,0.0001,0.5
0.01444954770083611,0.023780184200495682,0.010539406715896356,7.192018050499527,0.018730119470972542,15,0.0001,1.0
0.008308522315261049,0.030905417317992658,0.007002899029433197,4.37368000944673,0.008671974611061672,15,0.001,0.001
0.0058631583578602426,0.009224774775412434,0.006185106038012168,0.4665884973064668,0.007116845670035056,15,0.001,0.01
0.005273024897740854,0.011682460715978579,0.005995365205154346,1.2192283730325588,0.015304697842084347,15,0.001,0.1
0.010995539893950438,0.020818724130513014,0.008596054946008676,0.9102208291683296,0.0065675078034131435,15,0.001,0.5
0.0245178080996156,0.04057710800944843,0.015657361362332856,3.191546670826931,0.013296331911275685,15,0.001,1.0
0.010212943728471108,0.020051354920975158,0.00838383525611305,0.8546546409885659,0.0071158734519755325,16,1e-05,0.001
0.010056613825180857,0.014794145075021168,0.008051310664059369,1.2298141424957223,0.008705612083643555,16,1e-05,0.01
0.013205640505796395,0.027124127286530138,0.00944357591782052,2.4546532638592127,0.009787788617425564,16,1e-05,0.1
0.004815188601436776,0.02599642665699273,0.005743218826344236,1.1764868684356786,0.006417662716775007,16,1e-05,0.5
0.004647862819585029,0.016436204861695242,0.005494188569014456,1.121374661142612,0.007733958427029236,16,1e-05,1.0
0.008024405697641582,0.010230063979840356,0.00718882024551695,0.5850136438395951,0.006485094666064777,16,0.0001,0.001
0.0054346561959154405,0.006608517976573193,0.006333725923945277,0.8553364740834878,0.007599231436546071,16,0.0001,0.01
0.008520702590507282,0.009823880556414113,0.007375928234073244,1.05111719554379,0.005952354466063696,16,0.0001,0.1
0.008839452066309816,0.015504096494340971,0.007667513359898773,0.6970261490910802,0.02185940854016748,16,0.0001,0.5
0.0022431323521418453,0.002896108825450485,0.004439327649664713,1.6424527993922702,0.004540285826877629,16,0.0001,1.0
0.01011747425306928,0.021824291337915663,0.00859258047075851,3.8576282550489807,0.01841561468938532,16,0.001,0.001
0.008293175478362114,0.019633081303320067,0.007079626794557769,0.9184701160113068,0.006370320775675882,16,0.001,0.01
0.014162596009550991,0.02551575817172716,0.010203366969368823,2.361909758436372,0.008519266404227248,16,0.001,0.1
0.025862415908298915,0.05295372389596549,0.01562815177549666,0.5371084711495038,0.008731442768416798,16,0.001,0.5
0.013328581985068736,0.04399085629340462,0.009748772756651385,0.5815807120051765,0.0044267676260249965,16,0.001,1.0
0.001820016381904941,0.0031002155796776877,0.003875552170453483,3.442302691082024,0.008300068421168028,17,1e-05,0.001
0.004463905782963614,0.010078268497819868,0.005225948110138385,3.0646375113970667,0.005205217261000262,17,1e-05,0.01
0.004064825252258729,0.018413404136682337,0.005603015062797938,0.5837747916729703,0.007683254760488685,17,1e-05,0.1
0.025468335601536163,0.05519852600036164,0.015339732549334672,2.0866315568348632,0.014025840176303594,17,1e-05,0.5
0.004196437486782967,0.015698998464787513,0.0050272888364748395,1.1806941578831665,0.006247046747343258,17,1e-05,1.0
0.026862562747479918,0.048877300159139006,0.01607182112477629,0.9650107041955021,0.006856875701345282,17,0.0001,0.001
0.003999231083686576,0.01892024945831688,0.00490056544422261,1.512998195491304,0.005355990347428574,17,0.0001,0.01
0.010153808379214948,0.030544466014156894,0.007859324331133745,2.1400905734511,0.015022078728142868,17,0.0001,0.1
0.0018772961971214148,0.007554374949234502,0.004137407353997235,1.0053773641975028,0.004634454549949829,17,0.0001,0.5
0.002809480301889035,0.021079284405553463,0.004843036894854496,2.2816327266307592,0.005361491486539831,17,0.0001,1.0
0.0012168377367378952,0.002610336559414516,0.003962047762926322,3.33655079502442,0.008723107898641759,17,0.001,0.001
0.003561462093451005,0.016596648799187527,0.004714085566024925,0.5703052625838261,0.00301609862208345,17,0.001,0.01
0.006346540585723795,0.017860618314160963,0.00637501949712453,0.8420396029526243,0.006555457077852614,17,0.001,0.1
0.023860818644460484,0.04718411672708957,0.0148895155260626,2.9032460511168368,0.00848716040914663,17,0.001,0.5
0.023619211472971743,0.04225277313975077,0.014328285197049729,1.3941961845742352,0.009796990806497772,17,0.001,1.0
0.006182707958480718,0.013499608377142642,0.006126320600081238,1.907748992308554,0.0037914621956757774,18,1e-05,0.001
0.007022560402992924,0.012614777556430659,0.0064207071518261076,2.631559712367835,0.009622691924588356,18,1e-05,0.01
0.008585168562809425,0.013093923260552004,0.007186687387080286,0.8961297389202754,0.00878431555823517,18,1e-05,0.1
0.008880281122411514,0.02177449657388283,0.007879698558080635,2.939759447701647,0.012909135697024557,18,1e-05,0.5
0.008839350890927541,0.019423006413598967,0.007605591360045238,5.705890645628598,0.00998032952388926,18,1e-05,1.0
0.011131627883285646,0.018880442359818467,0.008250968358733976,1.5927987220550341,0.008395014649978936,18,0.0001,0.001
0.0062566147003670644,0.009945598560686452,0.0061425257893236405,1.3112971404908214,0.008066251272035247,18,0.0001,0.01
0.011472560491783777,0.012873362105892686,0.008708356828754356,3.1507518301349293,0.006325099962215819,18,0.0001,0.1
0.0032746768947185464,0.00497986596754645,0.004964140786055749,1.9094639174021668,0.0069847023875412965,18,0.0001,0.5
0.0024535714426323,0.0048173750305000144,0.004455725081157543,3.6220032061279737,0.006592947168474243,18,0.0001,1.0
0.002737657281171977,0.004706932279930276,0.004537446345926926,3.38139963918132,0.0053701955674823505,18,0.001,0.001
0.0071617867744110655,0.01338858681124327,0.006354087314438044,1.0204777261799711,0.010600356841160605,18,0.001,0.01
0.019970000394058163,0.036430197613098604,0.01270196081031782,1.8199354302484392,0.010441148175082416,18,0.001,0.1
0.006423523969739203,0.01208520916679647,0.0061437987697693965,1.3159223327022525,0.006484286869298047,18,0.001,0.5
0.0041360593733464675,0.005958759084824082,0.005580488494885485,5.257873500665849,0.00795613583877106,18,0.001,1.0
0.003979928743437179,0.010876922899660043,0.004990555306147905,0.4893776591776679,0.00431440751368326,19,1e-05,0.001
0.01834522428994629,0.031102787015278726,0.011995240832024115,1.5923619697981102,0.020029470481644853,19,1e-05,0.01
0.0066358312463961075,0.012028754005833182,0.006442604018135521,2.587172034345945,0.008634729864978747,19,1e-05,0.1
0.014547968010935391,0.021641315428966083,0.010887446873987456,3.1132337224560205,0.013752789670813687,19,1e-05,0.5
0.008553746681361336,0.02734570221456107,0.007041028750824321,2.0299859512565903,0.0035349401627562385,19,1e-05,1.0
0.01385115022350508,0.024440493987077268,0.009668046088636778,4.795658450259691,0.006891977086036306,19,0.0001,0.001
0.006231053684087953,0.018747155097851416,0.0064355337991530105,2.0705161622818533,0.016876695040621194,19,0.0001,0.01
0.0032817006263408358,0.011313690237495936,0.004908739945905948,1.254320277987865,0.005246246963910285,19,0.0001,0.1
0.00853231747738444,0.018492470756105148,0.0075050754056908515,0.4350153153751801,0.016485519749163787,19,0.0001,0.5
0.0051210806732902145,0.008756721763481714,0.005611052770199207,1.581516364796166,0.0060925553929053215,19,0.0001,1.0
0.006072608758070459,0.010888245087903228,0.006071719260844007,0.9646058434479589,0.0067453453935793104,19,0.001,0.001
0.007364651865972939,0.011763893918173752,0.0068804753063561605,2.363532588232073,0.0062898295504985715,19,0.001,0.01
0.004950561200357998,0.012469629988689687,0.005714393055834067,1.3750958055249176,0.005372849939009215,19,0.001,0.1
0.009032384742225327,0.02325865362546253,0.007337560934134852,8.249338948963779,0.00910656610399358,19,0.001,0.5
0.0021355922813980008,0.004891311678270572,0.00401613517668341,1.9433758734050293,0.007171697886324048,19,0.001,1.0
0.0045138359822359,0.005445147161016432,0.005618587367449744,0.8812965752781089,0.0076961478358777155,20,1e-05,0.001
0.008068063366254511,0.03235148826524651,0.006985840232621322,1.3079889036936545,0.009928667006593388,20,1e-05,0.01
0.009025842234925049,0.02763896455179727,0.007419224554017478,1.4748861057072538,0.007814002824496373,20,1e-05,0.1
0.00841072980089024,0.0239283844993731,0.007409419084424966,2.6806553064941223,0.010686612565875966,20,1e-05,0.5
0.0053547290458484074,0.01953021314820146,0.00556619370629873,8.958683846607004,0.00643502378770649,20,1e-05,1.0
0.009444056316692831,0.009467143554637996,0.00785781826101648,0.6587313267975972,0.02267062701883588,20,0.0001,0.001
0.00503566636523336,0.010395697299042259,0.005611059184590321,2.9454642217220086,0.010911884779825548,20,0.0001,0.01
0.004166612688714591,0.00646544626946782,0.005303799213661114,2.6295081112495944,0.009278694001413358,20,0.0001,0.1
0.011050167630431384,0.03581855137155708,0.008626811423100044,1.6529942296054851,0.009420888878126234,20,0.0001,0.5
0.02348072064190011,0.042368238950101285,0.014253766285963625,0.8337315048497755,0.007071684371104335,20,0.0001,1.0
0.0013296390109939185,0.005551544514017804,0.003840021810560332,3.9798737443811647,0.003969022285779161,20,0.001,0.001
0.006325863662548536,0.015040290353764231,0.006219613016359686,0.4397985294925255,0.012408238528227677,20,0.001,0.01
0.00949991538645897,0.03300914800910689,0.00737882824244713,7.785329536437688,0.006192312510750935,20,0.001,0.1
0.02011672837822773,0.035244621259319,0.013224603939499934,1.0973012071803807,0.012426770536865457,20,0.001,0.5
0.00494077218642945,0.009247129975390341,0.005497419825496594,4.236963317747197,0.012285166329690277,20,0.001,1.0
0.009701860169649886,0.02174027226900423,0.007872740538138476,7.061577518675491,0.01343467874110675,21,1e-05,0.001
0.008617274755199935,0.022607034205229786,0.007489384089565695,3.4355018436062297,0.011748381334029372,21,1e-05,0.01
0.00904224260341185,0.01516008403244571,0.007699874338340439,0.4738981660917049,0.00737717609288228,21,1e-05,0.1
0.009549542748186016,0.014732287967283897,0.007785801971104634,8.811864600949248,0.008598898462773246,21,1e-05,0.5
0.005458870370845513,0.012898099414185757,0.005678162118582651,1.1836049879813684,0.016775496958255857,21,1e-05,1.0
0.004093319571342996,0.00567125804782745,0.005264464630437772,1.9721955023738544,0.00452824301979967,21,0.0001,0.001
0.00592276441323524,0.0065232341483956215,0.005876531360348344,2.711194470061374,0.010828573850670938,21,0.0001,0.01
0.024665728571604675,0.030434073691790825,0.014996339991088441,3.0777534624959637,0.00667151565174674,21,0.0001,0.1
0.003719171123387989,0.011173932942137277,0.004952936104668382,2.9039564701594536,0.0066232322491245115,21,0.0001,0.5
0.012820242585203,0.03817462713289653,0.00916097349784912,0.9534307305861214,0.010297504172471982,21,0.0001,1.0
0.014510611403318488,0.02010604605595369,0.010159788016627008,1.1518843790380116,0.017705044841417723,21,0.001,0.001
0.007557010041600161,0.010712737030591038,0.00700189545810105,0.5992719060438907,0.008751786656042492,21,0.001,0.01
0.005651051047172258,0.0061417333918003065,0.0057644820310068755,2.871056022489704,0.008328854639629296,21,0.001,0.1
0.00485327771110741,0.01218258059148854,0.00544838812815313,3.2048977699707297,0.008582029447409623,21,0.001,0.5
0.0056468922342149605,0.007418558176639296,0.005938126275457928,1.7748840154949188,0.007649576595848541,21,0.001,1.0
0.009049904386750351,0.01489921535524819,0.0073205514944926185,1.1966029973199848,0.02194266406352708,22,1e-05,0.001
0.005737232363790616,0.011455146915178831,0.006072189453778428,1.3917432962496998,0.006774722257337456,22,1e-05,0.01
0.008126650373245605,0.012878876579561346,0.0070671280661833485,2.255333748594849,0.013794853796291787,22,1e-05,0.1
0.005816620032717348,0.014175061670357347,0.00632025366734663,6.727959968463397,0.004883053224458249,22,1e-05,0.5
0.012048228917586105,0.0316560815094319,0.00888310033444418,1.6345525139214525,0.009445364405552973,22,1e-05,1.0
0.004719358169873234,0.008109910310450889,0.005459246043030689,0.3870552304468349,0.007722501138803146,22,0.0001,0.001
0.010287867194285413,0.0246076600169259,0.008134862498064879,6.911632917044318,0.006068228384971822,22,0.0001,0.01
0.01071753276106518,0.01500177626156994,0.008082049912710517,0.7300060132673452,0.014622800743835063,22,0.0001,0.1
0.006331221994192648,0.036431208272301605,0.005958800256697939,0.9536879330504628,0.007007169774610908,22,0.0001,0.5
0.004530284511960784,0.03412187061551848,0.005733734989118059,1.1276477777498244,0.026777097682563845,22,0.0001,1.0
0.011385895777116208,0.04518513601948262,0.008509887006443052,8.706401445940111,0.014993551718652152,22,0.001,0.001
0.006838266344420018,0.015108922370473718,0.006274315414720298,1.3525819003281878,0.009198133770784413,22,0.001,0.01
0.007220665641555693,0.017226882279416617,0.006620424249682361,0.9674789985998886,0.004982313041624321,22,0.001,0.1
0.007456238755885419,0.013096610732652156,0.006931949050324493,2.6635083942297797,0.007544380564728083,22,0.001,0.5
0.009972658411615043,0.01911794655454464,0.008130118186526387,5.91510355082761,0.010563762144216116,22,0.001,1.0
0.0044322034587581825,0.014670591821567585,0.005530559630477053,5.8238834714370045,0.005449177709406369,23,1e-05,0.001
0.004912313993614087,0.02124988966446164,0.0056002771169677895,2.7509495094727123,0.0104557624724578,23,1e-05,0.01
0.004463526473451785,0.008706208390517998,0.005255966009089564,6.836907505510155,0.009358378275972804,23,1e-05,0.1
0.0031052990977181376,0.006279335286145199,0.00488800897728046,4.861708548252184,0.011277127345140824,23,1e-05,0.5
0.006062330357860234,0.012230551376364354,0.005929070878696382,5.720580945200959,0.011659430397091362,23,1e-05,1.0
0.0046796791655655725,0.008738920190632037,0.005307517422015436,0.3436829392220729,0.010645623947668634,23,0.0001,0.001
0.01694146675346802,0.04177092092699845,0.011523623303925094,6.5662679942935185,0.01943131494431024,23,0.0001,0.01
0.007845289841330372,0.01365023284179145,0.007063826139683114,1.3748519771432421,0.006691790939986478,23,0.0001,0.1
0.004536361729080143,0.005772043593142419,0.005147913588045707,6.366446886746696,0.013655446658468491,23,0.0001,0.5
0.010064974280705671,0.032361100928681316,0.008012106511796013,4.678224744229042,0.008357464700093766,23,0.0001,1.0
0.006010623295579765,0.008818020042458862,0.005846561042737896,3.654135657699833,0.010067251743172644,23,0.001,0.001
0.005934260032671901,0.024095762671760758,0.005792439889736232,1.2004062585627546,0.008006390309264855,23,0.001,0.01
0.008918533183612454,0.010873808480508495,0.007500198309668578,1.1795394285173186,0.013866680131211223,23,0.001,0.1
0.008298641224997377,0.022427675807656425,0.0070747971180297985,1.3124705086234465,0.00740718596599217,23,0.001,0.5
0.016078977153930522,0.03196474123642467,0.010765602201845682,3.945033532894581,0.012152414775305116,23,0.001,1.0
0.014088413949258713,0.02584951340995738,0.009680489073374337,6.395762837307191,0.011168318213633451,24,1e-05,0.001
0.011250665118176106,0.009403380202311984,0.008694108308462139,5.26464526833935,0.008304839145016053,24,1e-05,0.01
0.006642021427442272,0.019538483324845472,0.006322073370654114,1.715178479532846,0.0059943113139103365,24,1e-05,0.1
0.01815254207032731,0.040325759000620784,0.012059802364476072,2.0302590026891147,0.01753017950478233,24,1e-05,0.5
0.004981808698519896,0.011813247953365516,0.005382736817685088,1.1297769599560414,0.00631792963292697,24,1e-05,1.0
0.0110969337690287,0.018765152217048973,0.008586098534070611,1.7476509055110596,0.013625235743795877,24,0.0001,0.001
0.009372652327200243,0.01859801993223421,0.007428808564661758,5.572938906352396,0.008175751848577514,24,0.0001,0.01
0.010061930284935898,0.03384837258800416,0.008326302919634869,5.812614816028109,0.012037425491851902,24,0.0001,0.1
0.008997674734757998,0.008810721910894121,0.007528877937553242,5.149065417105687,0.011530279554839104,24,0.0001,0.5
0.013705244472030378,0.03101716693864724,0.009719461489663142,1.0265223480875758,0.019012394943388102,24,0.0001,1.0
0.017572267087922096,0.02366759533520282,0.011772234973818105,6.222955105003657,0.013647063197726643,24,0.001,0.001
0.006026613905478474,0.013032458272422531,0.006228773000886242,7.318058393641621,0.008520602973631542,24,0.001,0.01
0.006326879088065092,0.03650072709715972,0.006128501599813737,0.8157868717712391,0.0073663820337964625,24,0.001,0.1
0.012515114425815757,0.027738079771958645,0.008972152358024498,3.2514225769296634,0.01322310233431813,24,0.001,0.5
0.005248777304556095,0.01986275682499935,0.0055534057342895215,5.4222836814582624,0.004844041687749589,24,0.001,1.0
0.004939737750217001,0.009504511702826877,0.005592986132721642,1.4883052971881292,0.007229049784895028,25,1e-05,0.001
0.008875545195480195,0.028604204923025036,0.007528522095952556,4.330182414488795,0.0073578263948739795,25,1e-05,0.01
0.011884962230814549,0.030021582951746638,0.009049538106637259,3.8848199476214282,0.014568948447744534,25,1e-05,0.1
0.010497416790818498,0.02804186253944505,0.008083325052429391,1.1125406827216024,0.007690076038969354,25,1e-05,0.5
0.01346791819326528,0.0639186649573481,0.009535387484441877,4.252131454209547,0.01768967120383149,25,1e-05,1.0
0.010733539411827248,0.04407221268864523,0.008278272985265522,1.219640451354855,0.01002146577196348,25,0.0001,0.001
0.012697489446985238,0.025050221112227627,0.009383510909529269,2.4977036664239227,0.015689717144831042,25,0.0001,0.01
0.006736235532845361,0.009864342858524904,0.0069312639183503385,1.0857020466962772,0.019006157974224683,25,0.0001,0.1
0.00864774193781183,0.017886661890279563,0.007256474691459862,1.142647089441054,0.009647517969740874,25,0.0001,0.5
0.009725054186099948,0.012752930369589386,0.007855918702074083,4.69761251547385,0.013851817796130126,25,0.0001,1.0
0.0038480058739753602,0.007855154248799099,0.005563601694278724,2.616012690152696,0.006479487360133002,25,0.001,0.001
0.009755149345770464,0.012433676087822492,0.00784641880272274,1.5263556456119072,0.014049443700398876,25,0.001,0.01
0.012245373079934738,0.020620801374427903,0.009215125757207138,4.136116097596318,0.0093234709323121,25,0.001,0.1
0.017953925688363532,0.02875297543213296,0.011714145930771884,6.306566441894765,0.012579378709185546,25,0.001,0.5
0.010249095615004157,0.018391792477796823,0.007959040507162401,3.1140253998217213,0.016157486577125908,25,0.001,1.0
0.008704017186123326,0.018157224377458488,0.007208359298669739,1.148101446918257,0.010075551007906849,26,1e-05,0.001
0.008663870570540712,0.016413376042743767,0.007335366774145778,1.4182651816172138,0.007906470239584192,26,1e-05,0.01
0.011428778351165837,0.026969297078788302,0.0086020289556755,2.3515346521696783,0.012162805417879358,26,1e-05,0.1
0.006163797575658535,0.010861149075963037,0.006123314529900557,0.7184184015313739,0.009111789241645813,26,1e-05,0.5
0.010320390080937386,0.02174675354892638,0.008191533617397186,1.770356315374439,0.016564218910957253,26,1e-05,1.0
0.008957156788513299,0.03373857796626913,0.007451285342437873,5.553208060433311,0.012532847896108515,26,0.0001,0.001
0.010552228831236715,0.029526000329829875,0.008322104017063686,2.6718680311259035,0.012125127899137179,26,0.0001,0.01
0.016184865611799056,0.02874801499772652,0.010978331987615152,8.922039654530042,0.011407656932579566,26,0.0001,0.1
0.016556996787296864,0.031699680892660814,0.011156430306920971,3.1933200005222635,0.012169110205371113,26,0.0001,0.5
0.011556679064762269,0.0330073421164588,0.008803997598256003,0.21282265108889334,0.01375178893831315,26,0.0001,1.0
0.009934745676469884,0.015411570964796834,0.00790796770924424,6.315275038061078,0.013381586653846662,26,0.001,0.001
0.016862475193470408,0.03718459270759993,0.011170325492801184,6.511050586469022,0.016615495239393402,26,0.001,0.01
0.008646048366667766,0.01647500763516644,0.0071800777615483044,3.017959516385856,0.010231939666396104,26,0.001,0.1
0.003346578419222425,0.00638823903064251,0.004928905488253988,5.340256748569561,0.006501114740311731,26,0.001,0.5
0.017803281320328112,0.034885007045949754,0.011958298424010529,3.4606503721177098,0.011882744936124234,26,0.001,1.0
0.010133205466920887,0.03689598292730966,0.008168958466991194,4.982849449620859,0.01143765386840308,27,1e-05,0.001
0.010139162300845984,0.016592817631262802,0.00792166761879617,1.5183615243875794,0.01442872179902873,27,1e-05,0.01
0.009105780377181207,0.023893860984919087,0.0074198590650196485,3.8602141349260655,0.01016021364991751,27,1e-05,0.1
0.011082899190655788,0.017473145460448654,0.008488253298913197,1.8521101506152136,0.011492320425447214,27,1e-05,0.5
0.009258401150602148,0.013349585283335852,0.007884270176155157,7.337402976295973,0.021470645210776684,27,1e-05,1.0
0.016369701800672768,0.04397105176331972,0.010879625230782293,1.1126023394584232,0.014837150937476987,27,0.0001,0.001
0.016859658506360682,0.0363046961248164,0.01129980300755927,1.239210045447553,0.014295184908383987,27,0.0001,0.01
0.020385639520304127,0.029441200586276382,0.012883777832411729,1.7422789146485815,0.01381643801023571,27,0.0001,0.1
0.008648732122220037,0.01725954829845588,0.007101707296582834,2.2971351373948363,0.009248126464588278,27,0.0001,0.5
0.008316329609586486,0.02362494359034943,0.0071318650008282405,1.4177359774602114,0.011385343457456266,27,0.0001,1.0
0.011119324565044598,0.011080768089442932,0.008584792467624936,1.2604429435627786,0.009127310817115371,27,0.001,0.001
0.013328317319631888,0.019993346553236653,0.009507697459669884,3.3314776650717257,0.016211911628309098,27,0.001,0.01
0.014700500954041028,0.0329256562035796,0.010211499244251231,2.3757039291605917,0.01163532910694905,27,0.001,0.1
0.009573807201913257,0.015629429961996885,0.007396251898584127,0.8697220147099574,0.010231428432286412,27,0.001,0.5
0.005494920364988708,0.010636035128075722,0.005777901979619339,0.8998650149927506,0.01563443676032491,27,0.001,1.0
0.010621117874741804,0.030280939401171776,0.008310096517088323,1.2715323488665613,0.011833340509455273,28,1e-05,0.001
0.009963973621634595,0.019447902529881118,0.007855633560521444,2.9371798483420863,0.012514603529682028,28,1e-05,0.01
0.013733479388191713,0.01879676011160948,0.009907541293401382,0.9096036899449664,0.014237208500954644,28,1e-05,0.1
0.006581004122465825,0.014946642343165756,0.006470415367675418,2.1775305131402805,0.008905865289510937,28,1e-05,0.5
0.011331123414212435,0.020577663327854163,0.008640608049606245,1.399767937124568,0.010741910754699224,28,1e-05,1.0
0.012328531591067721,0.01830390706088447,0.009073074638849392,3.0940511705160216,0.011064298813783959,28,0.0001,0.001
0.007569036286338588,0.017148717794804043,0.006741506189249196,2.8883979946546026,0.010708328534538295,28,0.0001,0.01
0.01706317668599385,0.04542514737818496,0.011455672551414466,1.9580063437681603,0.022317476678506643,28,0.0001,0.1
0.01459973712953425,0.025119513145267773,0.010606251844512995,0.7697938172598504,0.011528794210554671,28,0.0001,0.5
0.012550840181151077,0.02607050850085225,0.009342176224172584,0.7858443999627472,0.011843163113567274,28,0.0001,1.0
0.00821402143139144,0.013667866312636714,0.007239776060360895,3.7654271155070185,0.007696125385098591,28,0.001,0.001
0.0064616329915455975,0.012719448457296684,0.0062050783202899475,1.0074704571876911,0.010252661039049059,28,0.001,0.01
0.00838402325973932,0.022510315643699944,0.007306839675703566,3.825386429431141,0.011251639774210313,28,0.001,0.1
0.013139227802786462,0.030227108699108825,0.009610661787346366,2.9660134659843655,0.017276146318237283,28,0.001,0.5
0.015379135203009531,0.0174662511667934,0.010918937031103877,2.423213825485355,0.014622449022123691,28,0.001,1.0
0.015763338521940333,0.03386834177991231,0.010523187284906373,4.475312655472608,0.014865964002301855,29,1e-05,0.001
0.012304163692470862,0.016033188993991754,0.0090572031882925,5.644569817524812,0.020530668793776043,29,1e-05,0.01
0.01973035745763973,0.024886419396425344,0.0128236337522721,4.623543883109262,0.011293962728179814,29,1e-05,0.1
0.008013048948015055,0.017366042545586116,0.007037040941340736,1.41826768796609,0.013723525317734426,29,1e-05,0.5
0.01206185137062148,0.03297571572574333,0.008732930392517829,1.0129210540879952,0.011756325258629659,29,1e-05,1.0
0.024046812009270963,0.04416863277138745,0.014522059610105198,1.8810334987436983,0.016484804404305668,29,0.0001,0.001
0.005509233491957188,0.008281012799820851,0.005846061015262836,3.6742490908693655,0.008738973306540805,29,0.0001,0.01
0.01362275026344926,0.02793850666458541,0.010099602159265616,7.522232340141635,0.04104729222421313,29,0.0001,0.1
0.016334205523348903,0.03703585214850383,0.011062299380089114,5.5880652840318,0.015304710800213298,29,0.0001,0.5
0.014422883847440643,0.029745602189366362,0.010239976538425784,3.390276404208998,0.015910257777441553,29,0.0001,1.0
0.008532164375225313,0.008108472593327986,0.007257830017181599,3.249512060894264,0.012476476032704052,29,0.001,0.001
0.01873498572951884,0.0227401525292658,0.012199321869024496,8.543921929833553,0.015006002099982606,29,0.001,0.01
0.014877480872175056,0.026602230874007704,0.01010013417518073,12.36024212864384,0.010818507024128144,29,0.001,0.1
0.013644353894785015,0.05659710129285497,0.009839610978279702,1.887699048432092,0.011986554264306396,29,0.001,0.5
0.011238103014404843,0.009752851957790128,0.00880528548605207,1.572734255153606,0.008381944447546237,29,0.001,1.0
0.01921595349269141,0.03589695758205637,0.012401516617614973,7.710992391393676,0.02040471001313391,30,1e-05,0.001
0.020193840936912,0.0589023335137643,0.012778056672302798,3.8243501985746136,0.0148148431763707,30,1e-05,0.01
0.02114915629984834,0.041761199957106976,0.013245530635407732,2.6471096934106817,0.03035256791829999,30,1e-05,0.1
0.008812540960779127,0.017352831095749626,0.007503026887813598,1.0910677134152331,0.021886076332076617,30,1e-05,0.5
0.015951265996866918,0.03266648549703215,0.010972879343968392,0.6502203941228665,0.018562948746186917,30,1e-05,1.0
0.011421464105920359,0.011489631195910023,0.008854210315214321,1.7715391116297745,0.02128277480959084,30,0.0001,0.001
0.01488339102803495,0.020727713946583674,0.010415747893885222,2.329208573181457,0.018502899857823937,30,0.0001,0.01
0.01929202661958055,0.025608783444244155,0.012241701109657638,5.140343505761334,0.015628690094080345,30,0.0001,0.1
0.01039353190826778,0.025021496791603003,0.008054428849843745,6.248929104440039,0.012735255039835051,30,0.0001,0.5
0.009142541934495116,0.016421276653944012,0.0077371092972049,1.1728716875646972,0.008915302105677838,30,0.0001,1.0
0.012022567412496727,0.018686892250658203,0.008871116933271911,4.610801032453197,0.013849731369267723,30,0.001,0.001
0.01584810136446875,0.023941290898370902,0.010878957064611578,1.3150018015991092,0.012055976300734244,30,0.001,0.01
0.012579334010012077,0.0314295454252654,0.00895452810561446,3.3221463972384724,0.011411765973263294,30,0.001,0.1
0.016739366640194847,0.020844220214273502,0.011287592316292876,8.060502865133872,0.01686354894119504,30,0.001,0.5
0.011956700569294274,0.030153211606029306,0.008872982986572114,3.0249833362688685,0.017438514354809486,30,0.001,1.0
0.014713233841710688,0.02472771430552432,0.010269756590927595,4.309000551583006,0.01708139585210837,40,1e-05,0.2
0.017320453532414206,0.0340075287011814,0.011401251764024806,2.1146776935843623,0.018517604233125026,40,1e-05,1.0
0.091126750761887,0.1282936291593554,0.10625006605899094,1.2223173889476917,0.00937694689252772,40,0.001,0.2
0.09212765690113632,0.14372011853892372,0.10667204878776472,2.675777295042249,0.011569770545048996,40,0.001,1.0
0.03372302984498464,0.06539714243818565,0.019575308444545303,10.864906751691203,0.029938772094698494,50,1e-05,0.2
0.022593736033999647,0.04120562375127071,0.014106623772196913,17.71165129874283,0.02385806705202595,50,1e-05,1.0
0.1093118437902166,0.19009138101649453,0.11093620133151423,2.4089714117635017,0.03655087648955318,50,0.001,0.2
0.10566751812979397,0.1381688038114428,0.1155194113639198,16.658964180833998,0.012893259020788023,50,0.001,1.0
0.053109407016171416,0.08752627240251028,0.02949137714475585,3.2612370915071573,0.04229382907813835,70,1e-05,0.2
0.0468215482157844,0.08042374638821229,0.026449671502594446,8.81716918837106,0.03748982203411599,70,1e-05,1.0
0.09527001997333463,0.12889682430286425,0.1258872332389532,10.361022925473996,0.0602302974361227,70,0.001,0.2
0.0945045036461429,0.13430759647899745,0.13349453723466792,2.369979369705417,0.044360772157033865,70,0.001,1.0
0.06806454563010246,0.12545343263948322,0.037866062568002734,5.2909370706303465,0.06912588125428679,100,1e-05,0.2
0.060944199289695834,0.11388153060072845,0.0341971742476088,10.628540931283748,0.04920184275788999,100,1e-05,1.0
0.12363232281850432,0.16713459247875756,0.17862737540280135,41.385937822992354,0.127657551575234,100,0.001,0.2
0.12691978037915724,0.13396992414946496,0.21863481947634006,2.1816831513104478,0.12889724633268812,100,0.001,1.0
0.14016788051114606,0.20841549232161188,0.07778904664428322,76.96677252149495,0.23522318932041686,200,1e-05,0.2
0.09281179034081607,0.13226433383384384,0.05440147646659639,4.7660549852177905,0.24498859520824406,200,1e-05,1.0
